WKT,FID,LSOA21CD,LSOA21NM,BNG_E,BNG_N,LONG,LAT,Shape__Area,Shape__Length,GlobalID
POINT (-2.43686 53.59974),4507,E01004766,Bolton 005A,371186,411551,-2.43686,53.59974,515481.1178,5219.376095,efd4b186-2e9b-4e89-aa39-2b39b061065e
POINT (-2.42651 53.59939),4508,E01004767,Bolton 005B,371871,411508,-2.42651,53.59939,521437.9697,5026.34952,c0c34084-3eaa-43cb-846a-5a746c3dc7c1
POINT (-2.45443 53.61474),4509,E01004768,Bolton 001A,370034,413227,-2.45443,53.61474,3912721.189,10970.94825,a17d43ca-bfba-46b2-8d6e-cd8a8d492992
POINT (-2.42554 53.61093),4510,E01004769,Bolton 003A,371943,412792,-2.42554,53.61093,404482.5652,4071.830912,81b99517-109f-4c55-aa2b-af472573db6f
POINT (-2.42349 53.60523),4511,E01004770,Bolton 003B,372075,412156,-2.42349,53.60523,442363.1698,4842.44101,6ec0783e-ffe2-49ee-bb9c-e69853d9e9fb
POINT (-2.43441 53.61076),4512,E01004771,Bolton 003C,371356,412776,-2.43441,53.61076,452624.6411,4125.944594,9feed09e-b104-4396-88e4-a5056cd14c2e
POINT (-2.4437 53.60718),4513,E01004772,Bolton 005C,370739,412382,-2.4437,53.60718,325433.5359,3650.257397,242a84c5-831a-4a21-9663-301cf5c839d8
POINT (-2.43145 53.60548),4514,E01004773,Bolton 003D,371548,412188,-2.43145,53.60548,266226.6508,4078.609579,d0fb657c-ec68-4b4b-9ff0-5469fc4f09f0
POINT (-2.43799 53.60292),4515,E01004774,Bolton 005D,371114,411905,-2.43799,53.60292,310608.1246,3823.290023,03f12e70-12f6-4162-a20e-05e996cbdb08
POINT (-2.5173 53.56983),4516,E01004775,Bolton 014A,365839,408259,-2.5173,53.56983,7441083.705,18137.59026,7d904938-3fd7-484b-b2e8-6c486b9c18aa
POINT (-2.53701 53.5587),4517,E01004776,Bolton 031A,364524,407031,-2.53701,53.5587,5355131.935,13220.99821,48ed4b53-b5d0-4c1b-adbe-d8928c1b4f01
POINT (-2.55213 53.5975),4518,E01004777,Bolton 004A,363556,411355,-2.55213,53.5975,343627.1387,4769.262374,174eebb2-eb8e-4e05-aa04-6f1568b0c7cc
POINT (-2.58765 53.5964),4519,E01004778,Bolton 009A,361204,411251,-2.58765,53.5964,437860.8018,3677.151164,dd27624a-9e6b-48d1-908c-1b4e8487c86e
POINT (-2.55895 53.59587),4520,E01004779,Bolton 007A,363103,411177,-2.55895,53.59587,297546.9527,3096.664745,fa35b323-550c-484f-a5ba-e58b7a06b896
POINT (-2.6095 53.59212),4521,E01004780,Bolton 009B,359754,410788,-2.6095,53.59212,6241299.027,23428.19085,b3a65976-a3a6-4f81-9e39-09146ebeb2d4
POINT (-2.54383 53.58725),4522,E01004781,Bolton 007B,364097,410210,-2.54383,53.58725,2732451.826,8462.583568,fff2f007-60e4-4200-bb99-b630e0ae3409
POINT (-2.58498 53.58948),4523,E01004782,Bolton 009C,361375,410480,-2.58498,53.58948,608624.6857,5331.692279,27e2e752-fbd8-4b85-934e-e756c2d01fef
POINT (-2.57437 53.58164),4524,E01004783,Bolton 009D,362070,409602,-2.57437,53.58164,1542691.692,7458.928397,45ec364c-65f6-4fc8-b803-f5af8b2e025c
POINT (-2.38696 53.5969),4525,E01004784,Bolton 006A,374487,411216,-2.38696,53.5969,241224.4496,3696.622826,b1676f29-a34f-4161-8455-0f77134d30a6
POINT (-2.38726 53.59327),4526,E01004785,Bolton 006B,374465,410812,-2.38726,53.59327,578426.0151,7277.037371,ed7469ad-a9f9-4105-abec-5b35fdb1af0e
POINT (-2.40021 53.59909),4527,E01004786,Bolton 006C,373611,411464,-2.40021,53.59909,875735.2932,6299.319164,78aa93f6-0e1e-4604-8546-16fae1cea4b1
POINT (-2.38609 53.58953),4528,E01004787,Bolton 013A,374540,410396,-2.38609,53.58953,300336.9827,2644.47501,3071d7fe-bbbe-4a89-8624-1c98d692180a
POINT (-2.39873 53.61114),4529,E01004788,Bolton 002A,373717,412805,-2.39873,53.61114,747852.0625,5599.410473,145c3cb3-6d81-4625-8c56-ed57269fa070
POINT (-2.38423 53.61747),4530,E01004789,Bolton 006D,374680,413503,-2.38423,53.61747,5668237.896,16480.74954,b99cd5f7-5c33-4c2b-9e08-532404ea6de6
POINT (-2.40197 53.60519),4531,E01004790,Bolton 002B,373499,412144,-2.40197,53.60519,534726.1124,5157.662863,a0419009-8761-4e37-9b80-fc746bbbcaed
POINT (-2.38886 53.60368),4532,E01004791,Bolton 006E,374365,411971,-2.38886,53.60368,398052.2917,4466.072671,e2778ae4-a1aa-46ac-93b7-cf588cd06d3b
POINT (-2.37907 53.59692),4533,E01004792,Bolton 006F,375009,411215,-2.37907,53.59692,638287.013,4152.018732,7a3976fe-8d69-4b76-ae9c-1a3e454a17e7
POINT (-2.38984 53.58698),4534,E01004793,Bolton 013B,374290,410113,-2.38984,53.58698,309181.6082,4325.622723,75f97835-6a30-4433-93e0-c196f2388ada
POINT (-2.39611 53.59104),4535,E01004794,Bolton 013C,373878,410567,-2.39611,53.59104,397924.7545,3305.255477,03a19028-9f3f-44af-b75a-2256c2a0a7a5
POINT (-2.38031 53.58395),4536,E01004795,Bolton 013D,374919,409773,-2.38031,53.58395,409014.946,3597.42585,426d2866-290d-45fd-aeef-a384991f2928
POINT (-2.39333 53.57872),4537,E01004796,Bolton 019A,374054,409196,-2.39333,53.57872,510032.5634,4770.01382,fc12d914-4a27-4242-806a-d4056fa2b148
POINT (-2.39389 53.58334),4538,E01004797,Bolton 013E,374020,409710,-2.39389,53.58334,319733.6476,3721.488343,134bb008-373f-4c54-af6c-ca4816b87f8c
POINT (-2.38272 53.57892),4539,E01004798,Bolton 019B,374757,409214,-2.38272,53.57892,539476.5398,5938.288022,31580822-662a-4e3c-93d0-e65ec82351cc
POINT (-2.3801 53.57696),4540,E01004799,Bolton 019C,374929,408995,-2.3801,53.57696,281396.9216,3120.028793,dcd76dbd-4606-48f8-a98b-76af4960df5a
POINT (-2.37715 53.57305),4541,E01004800,Bolton 019D,375122,408559,-2.37715,53.57305,240346.8133,3115.418462,81bedb5c-1693-4d0f-9d76-fc4481b65f52
POINT (-2.39671 53.57334),4542,E01004801,Bolton 019E,373827,408598,-2.39671,53.57334,524140.6302,4403.382888,4cde37ce-8784-4b54-8711-cc9d3677901f
POINT (-2.41527 53.59951),4543,E01004802,Bolton 010A,372615,411517,-2.41527,53.59951,349061.4781,3168.918108,4f961420-ea42-4fa3-ad9e-dc84c8ba9117
POINT (-2.43824 53.63793),4544,E01004803,Bolton 001B,371121,415801,-2.43824,53.63793,2455642.534,8364.020209,b527fab7-0288-4c1a-8f32-03ca97a64e94
POINT (-2.43647 53.62608),4545,E01004804,Bolton 001C,371230,414481,-2.43647,53.62608,469038.184,4208.210135,fa76eb32-01a0-412d-896e-95e4a200c8df
POINT (-2.41261 53.62088),4546,E01004805,Bolton 002C,372805,413894,-2.41261,53.62088,984246.7915,5848.785286,1d79c0ca-ee70-4559-b8b3-e62a06fb6efa
POINT (-2.41507 53.61431),4547,E01004806,Bolton 002D,372638,413163,-2.41507,53.61431,633316.1653,5731.73463,a0f7cdef-6bee-4a78-a121-15d012aa598e
POINT (-2.4264 53.62174),4548,E01004807,Bolton 001D,371893,413994,-2.4264,53.62174,314758.9475,3333.319228,28748eb4-927a-4cfd-8325-3738ace159fd
POINT (-2.43347 53.61834),4549,E01004808,Bolton 001E,371423,413619,-2.43347,53.61834,746742.6473,5613.626818,e3c3448d-23e8-4831-9317-b27e0c0fe4c7
POINT (-2.42255 53.61554),4550,E01004809,Bolton 003E,372144,413303,-2.42255,53.61554,357323.9903,4649.628397,3f3d1ade-f716-4dd6-8d28-3abe22e16c74
POINT (-2.41376 53.60735),4551,E01004810,Bolton 002E,372720,412389,-2.41376,53.60735,797849.7608,5261.273283,add769fb-5b17-4a42-870d-788da5a344ff
POINT (-2.42617 53.56529),4552,E01004811,Bolton 022A,371871,407714,-2.42617,53.56529,436245.4062,4647.970428,6cdf724b-f922-4251-a00e-305ebcccab91
POINT (-2.41186 53.56468),4553,E01004812,Bolton 022B,372818,407641,-2.41186,53.56468,805798.6772,5433.282322,4d54d0e9-a1bd-49ac-918b-72640a07a906
POINT (-2.42723 53.55865),4554,E01004813,Bolton 022C,371796,406976,-2.42723,53.55865,190518.451,2620.663177,190fb28a-f692-4db2-9620-9a0d0faae820
POINT (-2.3998 53.56048),4555,E01004814,Bolton 027A,373614,407169,-2.3998,53.56048,803762.9768,4689.410318,1e236867-3dba-46d0-b009-bd8b471ffc2d
POINT (-2.42462 53.56172),4556,E01004815,Bolton 022D,371971,407316,-2.42462,53.56172,238082.9473,3069.897992,3cfe9800-517b-4136-a72c-288196b11300
POINT (-2.41518 53.55942),4557,E01004816,Bolton 029A,372595,407057,-2.41518,53.55942,240292.5855,2727.861923,0f91f2bf-b833-441b-8cdb-12d12ee22ae9
POINT (-2.41931 53.57131),4558,E01004817,Bolton 022E,372329,408381,-2.41931,53.57131,847244.2937,7003.217538,8c54c39d-8bca-44e9-b77b-462f2ff692ec
POINT (-2.41648 53.57717),4559,E01004818,Bolton 017A,372520,409032,-2.41648,53.57717,242612.7557,2910.776589,de66ae40-a08f-4097-909d-cb1164580684
POINT (-2.40851 53.57268),4560,E01004819,Bolton 017B,373045,408529,-2.40851,53.57268,353304.8017,3228.978087,17e5ab71-e245-44ff-b92a-31f0f91f9de8
POINT (-2.43589 53.59027),4561,E01004820,Bolton 011A,371244,410497,-2.43589,53.59027,155731.0598,2706.934114,f20280a8-4123-42eb-81b9-7dad8a40fe25
POINT (-2.43168 53.58897),4562,E01004822,Bolton 016B,371522,410351,-2.43168,53.58897,312894.9581,4274.754432,58782bbc-185f-46f4-bc5a-4833c3664c27
POINT (-2.43686 53.58424),4563,E01004823,Bolton 016C,371176,409827,-2.43686,53.58424,316711.6799,3480.998522,6ad3ed20-4cab-42b1-b746-4c20735322e3
POINT (-2.42827 53.59527),4564,E01004824,Bolton 005E,371752,411050,-2.42827,53.59527,278462.0832,3469.336381,f0ba4044-eda7-4616-9b67-2e950cd7f1ad
POINT (-2.43519 53.59394),4565,E01004825,Bolton 011B,371293,410905,-2.43519,53.59394,161835.3187,2583.052244,245dd233-8a20-490f-83e5-70e0eb911c15
POINT (-2.43989 53.59288),4566,E01004826,Bolton 011C,370981,410789,-2.43989,53.59288,180535.8295,2284.472567,c2255d79-1829-4e01-ae87-51d0f0b670a8
POINT (-2.45533 53.56716),4567,E01004827,Bolton 021A,369941,407934,-2.45533,53.56716,159740.6017,3054.320745,5d04db65-6fa0-4cd3-b70c-95c7c00ce451
POINT (-2.4533 53.56561),4568,E01004828,Bolton 023A,370074,407761,-2.4533,53.56561,143150.6357,2755.760459,30c4c092-75d9-4eec-adda-df99395ef563
POINT (-2.44831 53.56462),4569,E01004829,Bolton 023B,370404,407649,-2.44831,53.56462,203176.6135,3154.599969,d705a1bc-b7e3-454e-b212-c20171dc8a77
POINT (-2.4547 53.5611),4570,E01004830,Bolton 026A,369978,407260,-2.4547,53.5611,249563.1022,4519.969298,a277efe5-e4d3-4567-af4b-dec8bf4ef610
POINT (-2.46293 53.55921),4571,E01004831,Bolton 026B,369432,407053,-2.46293,53.55921,392984.6111,4603.51353,a97d2bf4-f23f-4b2b-b88f-f79c9ff6c9d3
POINT (-2.45027 53.56023),4572,E01004832,Bolton 023C,370271,407161,-2.45027,53.56023,163645.4574,3141.966395,edcf66a7-69d3-4f38-9e40-d6b8b9824bb7
POINT (-2.45252 53.54312),4573,E01004833,Bolton 026C,370110,405258,-2.45252,53.54312,5511488.44,12076.49779,940f7b17-f646-48fd-9651-2ea52b2307ab
POINT (-2.45915 53.56786),4574,E01004834,Bolton 018A,369688,408013,-2.45915,53.56786,131177.8373,1749.306974,5f6103e4-92d9-40a3-9d5e-73a4cd76f067
POINT (-2.47794 53.56572),4575,E01004835,Bolton 020A,368442,407784,-2.47794,53.56572,408319.37,4084.571794,3c377cb6-5ee6-462e-97f9-29d4841aadbf
POINT (-2.47146 53.56792),4576,E01004836,Bolton 020B,368873,408026,-2.47146,53.56792,601077.1573,4225.148104,b1ee3088-f062-4543-ac12-c8764f5d3b15
POINT (-2.47928 53.57739),4577,E01004837,Bolton 020C,368362,409083,-2.47928,53.57739,1271018.445,10009.43481,a1912b34-9515-4840-9b3e-2b013cee0e1b
POINT (-2.45998 53.57273),4578,E01004838,Bolton 018B,369637,408556,-2.45998,53.57273,806944.3404,5458.092594,8eab591c-c39d-4b46-ac1d-41b32ff4e520
POINT (-2.46396 53.56378),4579,E01004839,Bolton 026D,369367,407562,-2.46396,53.56378,353250.7615,3631.279506,bf80fd95-b447-4baf-9f51-3044bb624554
POINT (-2.48518 53.59258),4580,E01004840,Bolton 012A,367983,410775,-2.48518,53.59258,4181100.734,13302.3721,59b10d11-d24c-40d7-9ae7-71c2ce71ab91
POINT (-2.47324 53.59434),4581,E01004841,Bolton 012B,368775,410966,-2.47324,53.59434,399244.2407,3630.541586,46c879bd-cea3-4f67-8cd9-f90abcc5abf8
POINT (-2.47355 53.58569),4582,E01004842,Bolton 012C,368748,410004,-2.47355,53.58569,332085.5559,3920.847009,6fba6357-3311-4740-9be9-2883c8d9dc32
POINT (-2.46589 53.58424),4583,E01004843,Bolton 018C,369254,409839,-2.46589,53.58424,348954.4249,6197.440267,6b01a40a-c3f0-4daa-86e9-f7519250c40b
POINT (-2.49402 53.57816),4584,E01004844,Bolton 020D,367387,409175,-2.49402,53.57816,876487.4604,4370.702212,48a2c62b-f4f2-4ca5-ab08-988c76cad164
POINT (-2.46326 53.57916),4585,E01004845,Bolton 018D,369424,409272,-2.46326,53.57916,508976.7922,5693.503474,fad05c11-5acb-447a-a459-3930e824f03d
POINT (-2.43217 53.56138),4586,E01004846,Bolton 025A,371471,407281,-2.43217,53.56138,121377.5321,2474.980988,828463ad-5a2b-4cf7-a2b1-fc2166ec60d8
POINT (-2.437 53.56266),4587,E01004847,Bolton 025B,371152,407426,-2.437,53.56266,239619.5062,4187.149863,4d7141fa-1599-4981-9bca-03eec84f21cd
POINT (-2.4302 53.57163),4588,E01004848,Bolton 016D,371608,408421,-2.4302,53.57163,872189.8664,6479.558783,c4478a44-529b-4e8d-96e2-8c61c62a15f6
POINT (-2.44134 53.57357),4589,E01004849,Bolton 021B,370872,408641,-2.44134,53.57357,293945.8297,3136.722669,910f0ba4-e5db-406d-a5c8-7821006e8bfa
POINT (-2.44929 53.57148),4590,E01004850,Bolton 021C,370344,408412,-2.44929,53.57148,188423.3346,2642.627968,caabfef7-af1a-49e4-adae-8c5a834eb93e
POINT (-2.44184 53.56966),4591,E01004851,Bolton 021D,370836,408207,-2.44184,53.56966,215625.2623,3523.692173,c00a7790-3309-41d9-8a9b-630642266714
POINT (-2.43701 53.56696),4592,E01004852,Bolton 025C,371154,407904,-2.43701,53.56696,194591.3167,2903.283941,ec7e18ce-a137-48c7-bd84-3a6e8c746f9b
POINT (-2.44706 53.56805),4593,E01004853,Bolton 021E,370489,408030,-2.44706,53.56805,103972.2185,1925.858626,36503814-595b-4c3d-b801-d7715c558017
POINT (-2.44298 53.56474),4594,E01004854,Bolton 023D,370757,407660,-2.44298,53.56474,135495.6474,2328.190405,e1685658-c18c-4fc5-be51-a347b9ebab7b
POINT (-2.38785 53.554),4595,E01004855,Bolton 027B,374402,406444,-2.38785,53.554,796097.1541,5769.835931,67af03eb-d095-4dcf-aaa2-b3fc2908949f
POINT (-2.41026 53.5535),4596,E01004856,Bolton 027C,372917,406396,-2.41026,53.5535,397525.1396,3137.894224,8a080dce-7ce1-47fe-a338-b0e9b4915bc8
POINT (-2.40031 53.55343),4597,E01004857,Bolton 027D,373576,406385,-2.40031,53.55343,377853.6386,3027.212521,64b09a87-abf4-43d9-8af7-c48643a891fa
POINT (-2.40791 53.54971),4598,E01004858,Bolton 032A,373070,405974,-2.40791,53.54971,320060.2247,3367.922041,95ddbb25-be3c-40c4-b917-aeea7b044979
POINT (-2.39396 53.54847),4599,E01004859,Bolton 032B,373994,405831,-2.39396,53.54847,340804.5544,4101.032697,f81e28a5-e511-483f-a9c7-f5e5fbcb58aa
POINT (-2.40298 53.5463),4600,E01004860,Bolton 032C,373395,405592,-2.40298,53.5463,293705.0842,4050.04827,18a9772b-a636-4902-a54e-40bf0a4e1c69
POINT (-2.41542 53.54254),4601,E01004861,Bolton 033A,372568,405179,-2.41542,53.54254,494972.5519,4152.464168,58936da4-c8bc-492b-9964-dc5994b8c5ea
POINT (-2.40801 53.54438),4602,E01004862,Bolton 033B,373060,405381,-2.40801,53.54438,277902.4375,4657.19296,e29ceb60-9a4a-4058-af24-5dfc08381c7d
POINT (-2.40653 53.54124),4603,E01004863,Bolton 033C,373156,405031,-2.40653,53.54124,285684.9946,3367.61621,ce634c41-3ef5-468e-9187-8757736b3778
POINT (-2.44954 53.59709),4604,E01004864,Bolton 008A,370345,411262,-2.44954,53.59709,217534.3295,3160.235027,f4ca689d-cafe-4362-b0cb-5ae1cd32a3ad
POINT (-2.4444 53.59515),4605,E01004865,Bolton 011D,370684,411043,-2.4444,53.59515,258323.8036,3395.584795,9154f215-46c3-46c6-a311-f570a1751150
POINT (-2.44312 53.58771),4606,E01004866,Bolton 011E,370764,410215,-2.44312,53.58771,384294.6875,3515.226402,028463cd-26c0-4e34-a900-0946058f229b
POINT (-2.44732 53.59129),4607,E01004867,Bolton 008B,370488,410615,-2.44732,53.59129,182207.366,3065.151598,a3cecaf6-0df7-4c88-8d8e-849dca4a3622
POINT (-2.45302 53.58195),4608,E01004868,Bolton 015A,370104,409579,-2.45302,53.58195,189105.129,2918.959512,33146cae-94ee-4f62-8a1b-f613501cb0e2
POINT (-2.45014 53.58593),4609,E01004869,Bolton 015B,370298,410020,-2.45014,53.58593,261075.6643,3557.37169,6a8077d3-03a2-4665-bd84-757dd37b5013
POINT (-2.44941 53.58145),4610,E01004870,Bolton 015C,370343,409521,-2.44941,53.58145,316658.8681,4886.838786,c1b3c7ff-51ba-4009-8c5e-accd4f9ed6f2
POINT (-2.44878 53.5765),4611,E01004871,Bolton 015D,370381,408970,-2.44878,53.5765,200377.3223,2342.753699,a0bba577-9491-4e2f-a3f4-71f7cec069fb
POINT (-2.41453 53.54923),4612,E01004872,Bolton 029B,372631,405923,-2.41453,53.54923,244473.8307,2956.696255,75023b06-ca9e-408b-b80c-5c12e773999a
POINT (-2.41882 53.55212),4613,E01004873,Bolton 029C,372349,406246,-2.41882,53.55212,246198.5861,2922.268578,6665d13b-fb6d-4759-a58d-374767181562
POINT (-2.4346 53.5452),4614,E01004874,Bolton 033D,371299,405482,-2.4346,53.5452,313010.9959,3262.797374,33975532-a19e-4d61-afed-154687001f16
POINT (-2.42998 53.55023),4615,E01004875,Bolton 029D,371608,406040,-2.42998,53.55023,528339.6811,4769.313973,924d53f3-7de7-4268-8bda-be7b383d3b41
POINT (-2.42669 53.54396),4616,E01004876,Bolton 033E,371822,405341,-2.42669,53.54396,393183.007,2798.636917,cfda82ff-a7e6-453f-a6ed-d6e550645a15
POINT (-2.43934 53.55702),4617,E01004877,Bolton 025D,370993,406799,-2.43934,53.55702,542684.8101,4563.174471,0e4b3827-1352-47a1-8d00-3ffd0c58cb15
POINT (-2.44362 53.55922),4618,E01004878,Bolton 023E,370711,407046,-2.44362,53.55922,232497.2555,3136.495508,f0749a33-ab9c-4521-8199-288757af2ae0
POINT (-2.43327 53.55818),4619,E01004879,Bolton 025E,371396,406926,-2.43327,53.55818,177847.8956,1870.767913,46b281e2-fe41-41f2-8f8d-866602f06905
POINT (-2.42394 53.55354),4620,E01004880,Bolton 029E,372011,406406,-2.42394,53.55354,469866.6534,4574.089006,931f628b-0a43-4f6f-b41c-dcf4bdfa6221
POINT (-2.55017 53.60119),4621,E01004881,Bolton 004B,363689,411765,-2.55017,53.60119,208474.5289,3059.198576,0dba742b-31e9-4b87-a6e5-edf348599bef
POINT (-2.54298 53.59587),4622,E01004882,Bolton 007C,364160,411169,-2.54298,53.59587,234145.8262,3145.118592,76e92c55-3bb8-4759-b9c1-7b64b1dcc4a0
POINT (-2.53645 53.59318),4623,E01004883,Bolton 007D,364590,410866,-2.53645,53.59318,482809.6737,4050.803735,7328e900-4a6c-48db-8d5e-b3a0f303fd21
POINT (-2.52172 53.60994),4624,E01004884,Bolton 007E,365579,412724,-2.52172,53.60994,5692361.812,17241.45895,2bf89679-6a6a-4845-8958-d084c78264cf
POINT (-2.51463 53.59244),4625,E01004885,Bolton 014B,366034,410773,-2.51463,53.59244,1957782.029,11354.86951,a05a052f-525b-4602-9637-b5ce2431fb4d
POINT (-2.52891 53.58899),4626,E01004886,Bolton 014C,365086,410396,-2.52891,53.58899,237370.6763,3982.070143,36b045ce-ac1e-45ed-bb49-04bc63288ddf
POINT (-2.51806 53.59029),4627,E01004887,Bolton 014D,365805,410536,-2.51806,53.59029,666100.991,7458.07125,6aeaeffd-91d7-45bc-b8a4-347973651701
POINT (-2.54043 53.6051),4628,E01004888,Bolton 004C,364337,412194,-2.54043,53.6051,375606.4425,4310.584311,c4db727f-6376-4318-b62c-8ee0cd8ce24a
POINT (-2.54818 53.60473),4629,E01004889,Bolton 004D,363824,412157,-2.54818,53.60473,327390.1105,4206.629145,0508bf01-6eb1-4b8e-80ed-033570c077ea
POINT (-2.54367 53.60067),4630,E01004890,Bolton 004E,364119,411703,-2.54367,53.60067,308180.6686,4353.895947,cc39bfa3-467a-43ae-acaa-8d5ceaf27b2b
POINT (-2.49803 53.54802),4631,E01004891,Bolton 028A,367098,405823,-2.49803,53.54802,1087592.867,8539.270998,41281f0f-c90b-40fe-871d-a383633a08cc
POINT (-2.48366 53.54353),4632,E01004892,Bolton 030A,368047,405317,-2.48366,53.54353,3457865.725,9170.636584,0bbe8d37-f2b2-4c7f-9047-4cf5ea43a6ce
POINT (-2.50822 53.54305),4633,E01004893,Bolton 028B,366419,405275,-2.50822,53.54305,999137.5342,6874.520775,07c31702-94e2-4e5c-9ff5-6d89c1afdf93
POINT (-2.51762 53.54817),4634,E01004894,Bolton 028C,365800,405849,-2.51762,53.54817,499402.769,5441.375467,a6cb2d03-9d4b-4603-ade2-fabae540222a
POINT (-2.51679 53.5419),4635,E01004895,Bolton 031B,365850,405152,-2.51679,53.5419,264294.9969,3854.212965,c978d2ae-09ab-48c5-98f4-d81d83fe8527
POINT (-2.47314 53.53411),4636,E01004896,Bolton 030B,368737,404265,-2.47314,53.53411,480469.229,4732.512203,ece0bf0b-25d4-43c3-974c-97c0afe4180b
POINT (-2.48775 53.56993),4637,E01004897,Bolton 020E,367796,408256,-2.48775,53.56993,772090.9201,3804.676852,6767f6ca-b330-47d4-a12a-bf866c407b9c
POINT (-2.4811 53.55729),4638,E01004899,Bolton 030C,368227,406847,-2.4811,53.55729,1495734.662,6601.303619,c8e8fd18-5901-4bef-879a-eccf5eef029b
POINT (-2.46928 53.55899),4639,E01004900,Bolton 030D,369011,407031,-2.46928,53.55899,254661.8549,2721.252089,680193eb-8e56-450d-bbdd-95638a4a865c
POINT (-2.51376 53.55427),4640,E01004901,Bolton 028E,366061,406526,-2.51376,53.55427,354362.5118,4612.523585,ff12dbf3-09a2-49f3-a406-e960935bef49
POINT (-2.39546 53.5419),4641,E01004902,Bolton 032D,373890,405100,-2.39546,53.5419,439779.0919,3102.624868,5b9c6c6d-ae7c-431f-aaea-97acc1798780
POINT (-2.36972 53.54173),4642,E01004903,Bolton 034A,375596,405072,-2.36972,53.54173,533881.6592,5545.022998,e4fd5bd0-f1c3-4bee-a80c-17e43ba01f25
POINT (-2.35249 53.54092),4643,E01004904,Bolton 034B,376737,404976,-2.35249,53.54092,1936911.708,8125.64876,a0e95ac4-0864-4a84-8f3f-418c5c9c0362
POINT (-2.38039 53.54236),4644,E01004905,Bolton 034C,374889,405146,-2.38039,53.54236,343915.7796,3733.930831,818dd98b-fbb2-487c-8f41-3c79690777a8
POINT (-2.38325 53.54625),4645,E01004906,Bolton 032E,374702,405580,-2.38325,53.54625,624471.3112,5126.018543,d944528d-7fa2-4ae4-9fd7-a6c71886db6f
POINT (-2.38398 53.53693),4646,E01004907,Bolton 034D,374648,404543,-2.38398,53.53693,323138.6174,3311.820056,4254ea03-21e1-421c-a972-bfd452783253
POINT (-2.36204 53.5347),4647,E01004908,Bolton 034E,376101,404287,-2.36204,53.5347,2004788.058,10441.21703,f2c2bbe8-cd03-456c-a3e3-2c604ec08577
POINT (-2.37448 53.53715),4648,E01004909,Bolton 034F,375278,404564,-2.37448,53.53715,355048.4991,3254.385697,b843202e-788f-40ee-941a-732d8c2083ef
POINT (-2.36787 53.54893),4649,E01004910,Bolton 034G,375723,405872,-2.36787,53.54893,1084223.513,5605.971425,7c5715d2-b518-4001-8771-860e077ad062
POINT (-2.37513 53.56365),4650,E01004911,Bolton 024A,375250,407513,-2.37513,53.56365,311168.4855,5111.06655,4fb70bd7-b5a2-4fe7-a1cc-270d3e463668
POINT (-2.38237 53.56024),4651,E01004912,Bolton 024B,374769,407136,-2.38237,53.56024,580350.6946,5823.373831,baa8f247-76c6-4dbb-9901-183b27ad0bf4
POINT (-2.36631 53.56489),4652,E01004913,Bolton 024C,375835,407648,-2.36631,53.56489,428566.2327,3891.872148,ff458722-e4db-4ba7-909a-d9fd4d5736d6
POINT (-2.3597 53.56247),4653,E01004914,Bolton 024D,376272,407376,-2.3597,53.56247,465709.61,3994.970625,90ae6ac6-6f77-4f04-a5be-71e928ff775a
POINT (-2.37605 53.55587),4654,E01004915,Bolton 024E,375185,406647,-2.37605,53.55587,503123.9097,4527.713461,25f6afb9-3a47-450e-8a97-4ea6fbac1ccf
POINT (-2.36553 53.55772),4655,E01004916,Bolton 024F,375883,406850,-2.36553,53.55772,431543.0796,3678.924236,6df1de53-1538-45e8-aeb3-6babbcb659de
POINT (-2.39023 53.56544),4656,E01004917,Bolton 019F,374251,407717,-2.39023,53.56544,1738930.819,7915.814508,1e4dbda8-2124-4048-9bd9-0a840c540d35
POINT (-2.37217 53.56819),4657,E01004918,Bolton 024G,375449,408017,-2.37217,53.56819,212101.0534,3056.760952,2d567a3d-e1d1-4f3e-b592-857665a6f17f
POINT (-2.46555 53.59073),4658,E01004919,Bolton 012D,369281,410561,-2.46555,53.59073,399370.7532,4336.752572,23ecba5d-2655-454a-97e0-c884ddc23e53
POINT (-2.47666 53.58941),4659,E01004920,Bolton 012E,368545,410419,-2.47666,53.58941,463655.4471,3302.213669,5466c262-8a9d-491c-a6c1-db8a15281e8f
POINT (-2.45971 53.58949),4660,E01004921,Bolton 008C,369667,410420,-2.45971,53.58949,230842.2857,4258.1433,714f7c2a-9981-4a26-8c8a-e6de57befcd9
POINT (-2.45652 53.5867),4661,E01004922,Bolton 015E,369876,410108,-2.45652,53.5867,284653.6128,3878.157029,b6d69b91-af82-492b-8ec8-2800ff3cd7cc
POINT (-2.45774 53.58215),4662,E01004923,Bolton 018E,369792,409603,-2.45774,53.58215,168219.3661,1859.203633,e52cf447-8d8e-431f-ad11-d280e45ffea5
POINT (-2.48446 53.61031),4663,E01004924,Bolton 008D,368044,412748,-2.48446,53.61031,6114683.727,14213.49313,c94059e4-9941-4c7c-b8d6-a94b31fa93d6
POINT (-2.45565 53.5933),4664,E01004925,Bolton 008E,369938,410842,-2.45565,53.5933,211660.1187,3475.72388,5eaa4c66-b5b8-42fd-8332-2ac5dd21ed0f
POINT (-2.40845 53.59171),4665,E01004926,Bolton 010B,373061,410646,-2.40845,53.59171,222114.2229,2762.762517,bb626fc7-b90e-4806-a74f-7f6e49e1e770
POINT (-2.41679 53.58944),4666,E01004927,Bolton 010C,372508,410397,-2.41679,53.58944,676753.485,5986.297898,4d854a85-5fce-4e09-92c8-45dfac351842
POINT (-2.40865 53.58805),4667,E01004928,Bolton 017C,373046,410239,-2.40865,53.58805,183316.7673,3552.813302,2c332b9d-bd8b-49b0-aeaf-322bc9af7ef6
POINT (-2.41496 53.59314),4668,E01004929,Bolton 010D,372631,410808,-2.41496,53.59314,569550.0287,5151.725581,ba6c1029-5a38-4c29-b434-96611df79049
POINT (-2.40301 53.5875),4669,E01004930,Bolton 017D,373419,410176,-2.40301,53.5875,447585.6869,4789.84925,55045188-af66-47d9-b35b-927a60d5af67
POINT (-2.41338 53.58213),4670,E01004931,Bolton 017E,372729,409583,-2.41338,53.58213,342470.6699,6296.415778,7d41d435-404d-4662-97c9-06aadb4223a6
POINT (-2.40642 53.57856),4671,E01004932,Bolton 017F,373187,409183,-2.40642,53.57856,528971.9947,4802.858715,dbbb901b-72df-4943-9ded-1320f9727fe0
POINT (-2.52314 53.53061),4672,E01004933,Bolton 035A,365420,403899,-2.52314,53.53061,765169.5597,5274.038251,cc3df346-2997-42cd-9b7b-96a795e8157b
POINT (-2.53373 53.53056),4673,E01004934,Bolton 035B,364718,403898,-2.53373,53.53056,1081023.817,7359.061084,a07012da-9185-4108-aad0-2a99a0756035
POINT (-2.51605 53.53653),4674,E01004935,Bolton 035C,365895,404554,-2.51605,53.53653,471576.8879,4018.611738,3c1dc37d-c304-478a-b726-bf0959b1cb01
POINT (-2.52775 53.55058),4675,E01004936,Bolton 031C,365131,406123,-2.52775,53.55058,603408.8493,4272.335077,f33d8940-d8ca-490c-b7f6-0c9c5b076d8c
POINT (-2.54514 53.54036),4676,E01004937,Bolton 035D,363970,404994,-2.54514,53.54036,2080139.827,8834.021929,a8e92c86-7e23-4b65-b050-d172b6fd6092
POINT (-2.52319 53.54425),4677,E01004938,Bolton 031D,365428,405416,-2.52319,53.54425,288949.3376,3230.849947,7b73393b-e3b9-4302-8372-feaf969c9cb0
POINT (-2.53371 53.54543),4678,E01004939,Bolton 031E,364732,405553,-2.53371,53.54543,680906.3131,5259.972403,6985f635-65d4-49e5-a783-b222963ee7af
POINT (-2.52347 53.53891),4679,E01004940,Bolton 035E,365405,404822,-2.52347,53.53891,255193.9228,3419.805144,77ba21a5-a5e9-48b1-a959-e36af44e290e
POINT (-2.43143 53.5805),31419,E01033217,Bolton 016E,371533,409408,-2.43143,53.5805,804099.6666,6965.501827,a2c6e342-1c75-4569-b7fb-183bdb5c86bc
POINT (-2.49698 53.55615),31420,E01033218,Bolton 028F,367174,406727,-2.49698,53.55615,701466.4321,5433.276166,6636d2a4-948e-4220-803c-b0fdbee9dd19
POINT (-2.49929 53.56398),31421,E01033219,Bolton 028G,367027,407600,-2.49929,53.56398,1344660.789,6544.937858,c13212c6-8ce8-4ba8-8a58-dcb1409ff4f4
POINT (-2.42548 53.58564),31422,E01033220,Bolton 016F,371930,409978,-2.42548,53.58564,920799.7784,9118.340524,b9b6e646-7ac0-482c-88e0-3b558c0fd627
